{"cameraMode":{"drawMode":0,"name":"Shaded","section":"Shading Mode"},"sceneLighting":false,"audioPlay":false,"sceneViewState":{"showFog":false,"showMaterialUpdate":false,"showSkybox":false,"showFlares":false,"showImageEffects":false,"showParticleSystems":false},"in2DMode":false,"pivot":{"x":12.40463638305664,"y":2.8380584716796877,"z":-21.607864379882814},"rotation":{"x":-0.11581514775753021,"y":-0.14340467751026154,"z":0.01690133661031723,"w":-0.9827266931533814},"size":85.72466278076172,"orthographic":false}