{"cameraMode":{"drawMode":0,"name":"Shaded","section":"Shading Mode"},"sceneLighting":false,"audioPlay":false,"sceneViewState":{"showFog":false,"showMaterialUpdate":false,"showSkybox":false,"showFlares":false,"showImageEffects":false,"showParticleSystems":false},"in2DMode":false,"pivot":{"x":-0.9863431453704834,"y":-0.4282112121582031,"z":-0.8308143615722656},"rotation":{"x":-0.116911880671978,"y":0.04675653576850891,"z":-0.005509541369974613,"w":-0.992031455039978},"size":20.78896713256836,"orthographic":false}